name,site,city
四惠站,地铁八通线,北京
四惠东站,地铁八通线,北京
高碑店站,地铁八通线,北京
传媒大学站,地铁八通线,北京
双桥站,地铁八通线,北京
管庄站,地铁八通线,北京
八里桥站,地铁八通线,北京
通州北苑站,地铁八通线,北京
果园站,地铁八通线,北京
九棵树站,地铁八通线,北京
梨园站,地铁八通线,北京
临河里站,地铁八通线,北京
土桥站,地铁八通线,北京
西二旗站,地铁昌平线,北京
生命科学园站,地铁昌平线,北京
朱辛庄站,地铁昌平线,北京
巩华城站,地铁昌平线,北京
沙河站,地铁昌平线,北京
沙河高教园站,地铁昌平线,北京
南邵站,地铁昌平线,北京
北邵洼站,地铁昌平线,北京
昌平东关站,地铁昌平线,北京
昌平站,地铁昌平线,北京
十三陵景区站,地铁昌平线,北京
昌平西山口站,地铁昌平线,北京
苏庄站,地铁房山线,北京
良乡南关站,地铁房山线,北京
良乡大学城西站,地铁房山线,北京
良乡大学城站,地铁房山线,北京
良乡大学城北站,地铁房山线,北京
广阳城站,地铁房山线,北京
篱笆房站,地铁房山线,北京
长阳站,地铁房山线,北京
稻田站,地铁房山线,北京
大葆台站,地铁房山线,北京
郭公庄站,地铁房山线,北京
宋家庄站,地铁亦庄线,北京
肖村站,地铁亦庄线,北京
小红门站,地铁亦庄线,北京
旧宫站,地铁亦庄线,北京
亦庄桥站,地铁亦庄线,北京
亦庄文化园站,地铁亦庄线,北京
万源街站,地铁亦庄线,北京
荣京东街站,地铁亦庄线,北京
荣昌东街站,地铁亦庄线,北京
同济南路站,地铁亦庄线,北京
经海路站,地铁亦庄线,北京
次渠南站,地铁亦庄线,北京
次渠站,地铁亦庄线,北京
东直门站,机场快轨,北京
三元桥站,机场快轨,北京
三号航站楼站,机场快轨,北京
二号航站楼站,机场快轨,北京
三元桥站,机场快轨,北京
东直门站,机场快轨,北京
苹果园站,地铁1号线,北京
古城站,地铁1号线,北京
八角游乐园站,地铁1号线,北京
八宝山站,地铁1号线,北京
玉泉路站,地铁1号线,北京
五棵松站,地铁1号线,北京
万寿路站,地铁1号线,北京
公主坟站,地铁1号线,北京
军事博物馆站,地铁1号线,北京
木樨地站,地铁1号线,北京
南礼士路站,地铁1号线,北京
复兴门站,地铁1号线,北京
西单站,地铁1号线,北京
天安门西站,地铁1号线,北京
天安门东站,地铁1号线,北京
王府井站,地铁1号线,北京
东单站,地铁1号线,北京
建国门站,地铁1号线,北京
永安里站,地铁1号线,北京
国贸站,地铁1号线,北京
大望路站,地铁1号线,北京
四惠站,地铁1号线,北京
四惠东站,地铁1号线,北京
积水潭站,地铁2号线,北京
鼓楼大街站,地铁2号线,北京
安定门站,地铁2号线,北京
雍和宫站,地铁2号线,北京
东直门站,地铁2号线,北京
东四十条站,地铁2号线,北京
朝阳门站,地铁2号线,北京
建国门站,地铁2号线,北京
北京站,地铁2号线,北京
崇文门站,地铁2号线,北京
前门站,地铁2号线,北京
和平门站,地铁2号线,北京
宣武门站,地铁2号线,北京
长椿街站,地铁2号线,北京
复兴门站,地铁2号线,北京
阜成门站,地铁2号线,北京
车公庄站,地铁2号线,北京
西直门站,地铁2号线,北京
积水潭站,地铁2号线,北京
安河桥北站,地铁4号线大兴线,北京
北宫门站,地铁4号线大兴线,北京
西苑站,地铁4号线大兴线,北京
圆明园站,地铁4号线大兴线,北京
北京大学东门站,地铁4号线大兴线,北京
中关村站,地铁4号线大兴线,北京
海淀黄庄站,地铁4号线大兴线,北京
人民大学站,地铁4号线大兴线,北京
魏公村站,地铁4号线大兴线,北京
国家图书馆站,地铁4号线大兴线,北京
动物园站,地铁4号线大兴线,北京
西直门站,地铁4号线大兴线,北京
新街口站,地铁4号线大兴线,北京
平安里站,地铁4号线大兴线,北京
西四站,地铁4号线大兴线,北京
灵境胡同站,地铁4号线大兴线,北京
西单站,地铁4号线大兴线,北京
宣武门站,地铁4号线大兴线,北京
菜市口站,地铁4号线大兴线,北京
陶然亭站,地铁4号线大兴线,北京
北京南站,地铁4号线大兴线,北京
马家堡站,地铁4号线大兴线,北京
角门西站,地铁4号线大兴线,北京
公益西桥站,地铁4号线大兴线,北京
新宫站,地铁4号线大兴线,北京
西红门站,地铁4号线大兴线,北京
高米店北站,地铁4号线大兴线,北京
高米店南站,地铁4号线大兴线,北京
枣园站,地铁4号线大兴线,北京
清源路站,地铁4号线大兴线,北京
黄村西大街站,地铁4号线大兴线,北京
黄村火车站,地铁4号线大兴线,北京
义和庄站,地铁4号线大兴线,北京
生物医药基地站,地铁4号线大兴线,北京
天宫院站,地铁4号线大兴线,北京
天通苑北站,地铁5号线,北京
天通苑站,地铁5号线,北京
天通苑南站,地铁5号线,北京
立水桥站,地铁5号线,北京
立水桥南站,地铁5号线,北京
北苑路北站,地铁5号线,北京
大屯路东站,地铁5号线,北京
惠新西街北口站,地铁5号线,北京
惠新西街南口站,地铁5号线,北京
和平西桥站,地铁5号线,北京
和平里北街站,地铁5号线,北京
雍和宫站,地铁5号线,北京
北新桥站,地铁5号线,北京
张自忠路站,地铁5号线,北京
东四站,地铁5号线,北京
灯市口站,地铁5号线,北京
东单站,地铁5号线,北京
崇文门站,地铁5号线,北京
磁器口站,地铁5号线,北京
天坛东门站,地铁5号线,北京
蒲黄榆站,地铁5号线,北京
刘家窑站,地铁5号线,北京
宋家庄站,地铁5号线,北京
海淀五路居站,地铁6号线,北京
慈寿寺站,地铁6号线,北京
花园桥站,地铁6号线,北京
白石桥南站,地铁6号线,北京
车公庄西站,地铁6号线,北京
车公庄站,地铁6号线,北京
平安里站,地铁6号线,北京
北海北站,地铁6号线,北京
南锣鼓巷站,地铁6号线,北京
东四站,地铁6号线,北京
朝阳门站,地铁6号线,北京
东大桥站,地铁6号线,北京
呼家楼站,地铁6号线,北京
金台路站,地铁6号线,北京
十里堡站,地铁6号线,北京
青年路站,地铁6号线,北京
褡裢坡站,地铁6号线,北京
黄渠站,地铁6号线,北京
常营站,地铁6号线,北京
草房站,地铁6号线,北京
物资学院路站,地铁6号线,北京
通州北关站,地铁6号线,北京
北运河西站,地铁6号线,北京
郝家府站,地铁6号线,北京
东夏园站,地铁6号线,北京
潞城站,地铁6号线,北京
北京西站,地铁7号线,北京
湾子站,地铁7号线,北京
达官营站,地铁7号线,北京
广安门内站,地铁7号线,北京
菜市口站,地铁7号线,北京
虎坊桥站,地铁7号线,北京
珠市口站,地铁7号线,北京
桥湾站,地铁7号线,北京
磁器口站,地铁7号线,北京
广渠门内站,地铁7号线,北京
广渠门外站,地铁7号线,北京
九龙山站,地铁7号线,北京
大郊亭站,地铁7号线,北京
百子湾站,地铁7号线,北京
化工站,地铁7号线,北京
南楼梓庄站,地铁7号线,北京
欢乐谷景区站,地铁7号线,北京
双合站,地铁7号线,北京
焦化厂站,地铁7号线,北京
南锣鼓巷站,地铁8号线,北京
什刹海站,地铁8号线,北京
鼓楼大街站,地铁8号线,北京
安德里北街站,地铁8号线,北京
安华桥站,地铁8号线,北京
北土城站,地铁8号线,北京
奥体中心站,地铁8号线,北京
奥林匹克公园站,地铁8号线,北京
森林公园南门站,地铁8号线,北京
林萃桥站,地铁8号线,北京
永泰庄站,地铁8号线,北京
西小口站,地铁8号线,北京
育新站,地铁8号线,北京
霍营站,地铁8号线,北京
回龙观东大街站,地铁8号线,北京
平西府站,地铁8号线,北京
育知路站,地铁8号线,北京
朱辛庄站,地铁8号线,北京
郭公庄站,地铁9号线,北京
丰台科技园站,地铁9号线,北京
科怡路站,地铁9号线,北京
丰台南路站,地铁9号线,北京
丰台东大街站,地铁9号线,北京
七里庄站,地铁9号线,北京
六里桥站,地铁9号线,北京
六里桥东站,地铁9号线,北京
北京西站,地铁9号线,北京
军事博物馆站,地铁9号线,北京
白堆子站,地铁9号线,北京
白石桥南站,地铁9号线,北京
国家图书馆站,地铁9号线,北京
车道沟站,地铁10号线,北京
长春桥站,地铁10号线,北京
火器营站,地铁10号线,北京
巴沟站,地铁10号线,北京
苏州街站,地铁10号线,北京
海淀黄庄站,地铁10号线,北京
知春里站,地铁10号线,北京
知春路站,地铁10号线,北京
西土城站,地铁10号线,北京
牡丹园站,地铁10号线,北京
健德门站,地铁10号线,北京
北土城站,地铁10号线,北京
安贞门站,地铁10号线,北京
惠新西街南口站,地铁10号线,北京
芍药居站,地铁10号线,北京
太阳宫站,地铁10号线,北京
三元桥站,地铁10号线,北京
亮马桥站,地铁10号线,北京
农业展览馆站,地铁10号线,北京
团结湖站,地铁10号线,北京
呼家楼站,地铁10号线,北京
金台夕照站,地铁10号线,北京
国贸站,地铁10号线,北京
双井站,地铁10号线,北京
劲松站,地铁10号线,北京
潘家园站,地铁10号线,北京
十里河站,地铁10号线,北京
分钟寺站,地铁10号线,北京
成寿寺站,地铁10号线,北京
宋家庄站,地铁10号线,北京
石榴庄站,地铁10号线,北京
大红门站,地铁10号线,北京
角门东站,地铁10号线,北京
角门西站,地铁10号线,北京
草桥站,地铁10号线,北京
纪家庙站,地铁10号线,北京
首经贸站,地铁10号线,北京
丰台站,地铁10号线,北京
泥洼站,地铁10号线,北京
西局站,地铁10号线,北京
六里桥站,地铁10号线,北京
莲花桥站,地铁10号线,北京
公主坟站,地铁10号线,北京
西钓鱼台站,地铁10号线,北京
慈寿寺站,地铁10号线,北京
车道沟站,地铁10号线,北京
西直门站,地铁13号线,北京
大钟寺站,地铁13号线,北京
知春路站,地铁13号线,北京
五道口站,地铁13号线,北京
上地站,地铁13号线,北京
西二旗站,地铁13号线,北京
龙泽站,地铁13号线,北京
回龙观站,地铁13号线,北京
霍营站,地铁13号线,北京
立水桥站,地铁13号线,北京
北苑站,地铁13号线,北京
望京西站,地铁13号线,北京
芍药居站,地铁13号线,北京
光熙门站,地铁13号线,北京
柳芳站,地铁13号线,北京
东直门站,地铁13号线,北京
张郭庄站,地铁14号线,北京
园博园站,地铁14号线,北京
大瓦窑站,地铁14号线,北京
郭庄子站,地铁14号线,北京
大井站,地铁14号线,北京
七里庄站,地铁14号线,北京
西局站,地铁14号线,北京
北京南站,地铁14号线东段,北京
永定门站,地铁14号线东段,北京
景泰站,地铁14号线东段,北京
蒲黄榆站,地铁14号线东段,北京
方庄站,地铁14号线东段,北京
十里河站,地铁14号线东段,北京
南八里庄站,地铁14号线东段,北京
北工大西门站,地铁14号线东段,北京
九龙山站,地铁14号线东段,北京
大望路站,地铁14号线东段,北京
红庙站,地铁14号线东段,北京
金台路站,地铁14号线东段,北京
朝阳公园站,地铁14号线东段,北京
枣营站,地铁14号线东段,北京
东风北桥站,地铁14号线东段,北京
将台站,地铁14号线东段,北京
望京南站,地铁14号线东段,北京
阜通站,地铁14号线东段,北京
望京站,地铁14号线东段,北京
东湖渠站,地铁14号线东段,北京
来广营站,地铁14号线东段,北京
善各庄站,地铁14号线东段,北京
清华东路西口站,地铁15号线,北京
六道口站,地铁15号线,北京
北沙滩站,地铁15号线,北京
奥林匹克公园站,地铁15号线,北京
安立路站,地铁15号线,北京
大屯路东站,地铁15号线,北京
关庄站,地铁15号线,北京
望京西站,地铁15号线,北京
望京站,地铁15号线,北京
望京东站,地铁15号线,北京
崔各庄站,地铁15号线,北京
马泉营站,地铁15号线,北京
孙河站,地铁15号线,北京
国展站,地铁15号线,北京
花梨坎站,地铁15号线,北京
后沙峪站,地铁15号线,北京
南法信站,地铁15号线,北京
石门站,地铁15号线,北京
顺义站,地铁15号线,北京
俸伯站,地铁15号线,北京
北安河站,地铁16号线,北京
温阳路站,地铁16号线,北京
稻香湖站,地铁16号线,北京
屯佃站,地铁16号线,北京
永丰站,地铁16号线,北京
永丰南站,地铁16号线,北京
西北旺站,地铁16号线,北京
马连洼站,地铁16号线,北京
西苑站,地铁16号线,北京
